{"cameraMode":{"drawMode":0,"name":"Shaded","section":"Shading Mode"},"sceneLighting":false,"audioPlay":false,"sceneViewState":{"showFog":true,"showMaterialUpdate":false,"showSkybox":false,"showFlares":true,"showImageEffects":true,"showParticleSystems":true},"in2DMode":false,"pivot":{"x":0.2209489345550537,"y":-0.5957155227661133,"z":-0.2963089942932129},"rotation":{"x":-0.06041116639971733,"y":-0.9258884787559509,"z":0.33305981755256655,"w":-0.16789941489696504},"size":7.949842929840088,"orthographic":false}